Project Name,Description
Advanced Platform,"This project aims to revolutionize our data processing capabilities by implementing cutting-edge machine learning algorithms. It will enable real-time analytics across all business units and provide actionable insights to stakeholders. The system will integrate seamlessly with existing infrastructure while maintaining backward compatibility. Expected ROI improvements of 35% within the first year of implementation. Project timeline spans 18 months with quarterly milestones."
Strategic Solutions,"A comprehensive initiative to modernize our legacy applications and migrate to cloud-native architectures. This transformation will reduce operational costs by 40% and improve system scalability dramatically. We will implement microservices patterns to enable independent deployment and faster feature releases. The project includes extensive team training and change management support. Completion target is Q4 2026 with phased rollout strategy."
Digital Infrastructure,"Enterprise-wide cybersecurity enhancement program designed to protect critical assets and comply with international regulations. Implementation of zero-trust architecture principles across all network segments and endpoints. Includes advanced threat detection, incident response automation, and continuous security monitoring. Multi-layered defense strategy with redundant systems for critical infrastructure protection. Estimated completion within 24 months with ongoing maintenance and updates."
Global Analytics,"Business intelligence consolidation effort to unify data from disparate systems into a single source of truth. Advanced visualization dashboards will empower decision-makers with real-time business metrics and KPIs. Implementation of ETL pipelines for automated data integration and quality assurance. Support for predictive analytics to forecast market trends and customer behavior. Expected to drive a 25% improvement in decision-making speed."
Smart Services,"Customer experience transformation initiative leveraging AI and personalization technologies across all touchpoints. Omnichannel integration enabling seamless interactions across web, mobile, and physical channels. Implementation of advanced chatbots and virtual assistants for 24/7 customer support. Data-driven approach to understand and anticipate customer needs proactively. Success metrics include 30% increase in customer satisfaction and retention rates."
Unified Framework,"Supply chain optimization program utilizing IoT sensors and blockchain technology for end-to-end visibility. Real-time tracking of inventory, shipments, and warehouse operations across global locations. Implementation of automated reordering systems to minimize stockouts and excess inventory. Predictive maintenance capabilities to reduce equipment downtime by 35%. Project duration of 20 months with full deployment across all distribution centers."
Enterprise Gateway,"Financial compliance and audit automation solution designed to streamline regulatory reporting processes. Automated controls framework ensuring adherence to SOX, GDPR, and other international standards. Real-time monitoring of financial transactions with anomaly detection capabilities. Centralized audit trail with comprehensive logging for regulatory investigations. Implementation expected to reduce compliance costs by 50% annually."
Integrated Suite,"Marketing automation and customer relationship management consolidation across all business units. Unified customer database enabling 360-degree view of all interactions and transactions. Personalized marketing campaigns driven by advanced segmentation and behavioral analytics. Integration with sales and customer service systems for seamless customer journey. Expected to increase marketing ROI by 45% and improve campaign effectiveness."
Cloud Hub,"Artificial intelligence and machine learning platform for enterprise-wide automation of repetitive tasks. Natural language processing capabilities for document analysis and classification at scale. Predictive models for demand forecasting, fraud detection, and risk assessment. Continuous learning systems that improve accuracy over time with minimal human intervention. Projected to save 10,000 hours annually across organization."
Secure Core,"Disaster recovery and business continuity modernization program protecting against all disruption scenarios. Geographically distributed data centers ensuring 99.999% uptime and zero data loss. Automated failover mechanisms with recovery time objective of less than 15 minutes. Comprehensive testing framework and disaster recovery drills conducted quarterly. Investment protects critical business operations and maintains customer trust."
Quantum Engine,"Product development lifecycle management system streamlining from ideation to market launch. Collaborative tools enabling cross-functional teams to work seamlessly across geographies. Resource allocation optimization ensuring efficient use of development and QA resources. Integrated tracking of requirements, development, testing, and deployment stages. Expected to reduce time-to-market by 30% and improve product quality metrics."
Nexus Portal,"Employee engagement and human resources transformation leveraging modern collaboration tools. Unified workplace platform consolidating communication, project management, and learning systems. AI-powered HR assistant providing instant answers to common employee questions. Performance management system with continuous feedback and development planning. Improved employee satisfaction scores by 40% and reduced attrition rates."
Vertex Network,"Customer loyalty and rewards program enhancement using gamification and personalization techniques. Mobile-first platform enabling customers to earn, track, and redeem rewards seamlessly. Integration with POS systems for automatic points accumulation and real-time balance updates. Advanced analytics revealing customer preferences and optimizing reward offerings. Program expected to increase repeat purchase rates by 25% annually."
Apex Tower,"Procurement and vendor management consolidation creating a unified supplier ecosystem. Automated contract management with compliance tracking and renewal notifications. Real-time spend analysis and category management for cost optimization opportunities. Supplier performance dashboards enabling data-driven vendor selection decisions. Projected savings of $5M annually through process optimization and better negotiations."
Summit Catalyst,"Quality assurance and testing automation framework reducing manual effort and improving coverage. AI-powered test case generation and optimization minimizing redundant testing efforts. Continuous testing integration throughout development pipeline enabling faster feedback cycles. Automated regression testing ensuring stability across frequent releases. Reduction in post-release defects by 60% while accelerating release velocity."
Advanced Solutions,"Environmental sustainability and carbon footprint tracking across all operations and supply chain. Real-time monitoring of energy consumption, waste management, and emission sources. Automated reporting for sustainability goals and ESG compliance requirements. Identification of optimization opportunities for reducing environmental impact. Support for corporate sustainability commitments and stakeholder transparency."
Strategic Analytics,"Real estate portfolio optimization program for efficient space utilization and cost management. Smart building technology enabling remote management of HVAC, lighting, and security systems. Occupancy analytics revealing space utilization patterns and identifying consolidation opportunities. Integration with facilities management systems for preventive maintenance scheduling. Expected cost savings of 20% through improved operational efficiency."
Digital Services,"API economy and digital platform strategy enabling third-party integrations and ecosystem partnerships. Standardized interfaces and documentation enabling rapid integration of external services. Developer portal with comprehensive tools, SDKs, and support for partner onboarding. Monetization strategies for premium API access creating new revenue streams. Foundation for digital transformation and platform-based business models."
Global Framework,"Research and development innovation lab fostering breakthrough technologies and business models. Dedicated resources for experimentation with emerging technologies and market exploration. Collaboration with universities and startups for access to cutting-edge innovations. Portfolio approach balancing near-term improvements with long-term transformational initiatives. Expected to generate multiple new product lines within 3 years."
Smart Gateway,"Talent acquisition and recruitment marketing optimization using AI and data analytics. Automated candidate screening and matching against job requirements and team culture fit. Predictive analytics identifying candidates most likely to succeed and stay long-term. Recruitment marketing campaigns optimized for cost-per-hire and conversion rates. Reduction in time-to-fill by 40% and improved quality of new hires."
Unified Solutions,"Risk management and compliance framework consolidation across all business units and geographies. Integrated risk assessment processes identifying, measuring, and mitigating enterprise risks. Automated compliance monitoring ensuring adherence to all applicable regulations and policies. Centralized incident tracking and response enabling faster resolution and learning. Reduction in compliance violations and regulatory penalties by 75%."
Enterprise Analytics,"Social media and brand monitoring system tracking customer sentiment across all platforms. Real-time alerts for brand mentions, sentiment shifts, and emerging issues requiring response. Competitive intelligence gathering and analysis identifying market trends and opportunities. Influence tracking revealing key opinion leaders and amplification opportunities. Data-driven approach to social media strategy and crisis management."
Integrated Hub,"Logistics network optimization utilizing advanced analytics and transportation management systems. Route optimization algorithms reducing transportation costs and improving delivery performance. Warehouse location optimization based on demand patterns and cost analysis. Fleet management including vehicle tracking, maintenance, and driver performance monitoring. Expected reduction in logistics costs by 25% while improving delivery times."
Cloud Services,"Customer data platform unifying first-party data from all touchpoints and channels. Unified customer identifiers enabling accurate attribution and personalization across experiences. Privacy-compliant data management ensuring GDPR and CCPA compliance. Activation of customer data through APIs and pre-built integrations with marketing tools. Foundation for omnichannel marketing and improved customer experiences."
Secure Solutions,"Manufacturing execution system modernization enabling real-time production visibility and optimization. Integration with IoT devices and sensors capturing production metrics in real-time. Quality control automation using computer vision and AI for defect detection. Predictive maintenance preventing equipment failures and reducing unplanned downtime. Productivity improvements of 15% and quality enhancements across production lines."
Quantum Platform,"Healthcare data interoperability and patient information exchange across disparate systems. Standards-based FHIR APIs enabling secure sharing of patient records with authorized providers. Privacy controls ensuring patient consent and compliance with HIPAA requirements. Integration with clinical decision support systems for evidence-based care recommendations. Improved patient outcomes through better information access and care coordination."
Nexus Solutions,"Energy management and sustainability optimization for manufacturing and facilities operations. Real-time monitoring of energy consumption by equipment and production processes. AI-powered optimization algorithms identifying efficiency improvements and cost reduction opportunities. Demand response capabilities enabling participation in grid management programs. Reduction in energy costs by 30% while supporting sustainability goals."
Vertex Services,"Regulatory intelligence and change management platform tracking regulatory requirements across markets. Automated alerts and analysis of new regulations affecting business operations. Gap assessment identifying compliance gaps and remediation requirements. Centralized documentation and audit trails supporting regulatory examinations. Faster response to regulatory changes reducing compliance risk and costs."
Apex Solutions,"Insurance claims processing automation using AI and intelligent document processing. Automated claim validation, eligibility determination, and fraud detection. Straight-through processing for low-risk claims reducing manual touchpoints by 90%. Mobile app enabling customers to file and track claims on-the-go. Reduced claims processing time from weeks to days improving customer satisfaction."
Summit Framework,"Agricultural supply chain optimization for traceability and sustainable farming practices. Blockchain-based tracking from farm to consumer providing complete provenance. Real-time monitoring of growing conditions and optimization recommendations. Certification and compliance tracking for sustainable and organic farming standards. Direct consumer engagement through farm-to-table transparency and storytelling."
Advanced Hub,"Telecommunications network optimization utilizing machine learning and SDN technologies. Predictive network performance modeling preventing congestion and service degradation. Automated network configuration and resource allocation based on demand patterns. Integration with edge computing for reduced latency and improved user experiences. Network efficiency improvements reducing operational costs while enhancing service quality."
Strategic Platform,"Warehouse automation modernization leveraging robotics and intelligent inventory management. Automated picking, packing, and sorting systems reducing manual labor by 60%. Real-time inventory visibility enabling faster order fulfillment and reduced stockouts. Integration with warehouse management systems for optimized operations. Throughput increases of 40% while improving accuracy and reducing costs."
Digital Gateway,"Pension and retirement benefits administration modernization improving employee experience. Self-service portal enabling employees to view benefits, model scenarios, and make elections. Automated benefit calculations and compliance with regulatory requirements. Integration with payroll and HR systems for seamless administration. Reduced administrative costs by 35% while improving employee satisfaction."
Global Solutions,"Open banking and financial API strategy enabling fintech partnerships and new services. Standardized APIs exposing banking capabilities to third-party developers. Developer tools and sandbox environments accelerating integration and innovation. Revenue sharing models creating new business lines from API access. Competitive advantage through ecosystem and platform-based business model."
Smart Analytics,"Cybersecurity threat intelligence and incident response automation platform. Machine learning models detecting advanced threats and zero-day exploits. Automated response playbooks isolating compromised systems and preventing lateral movement. Integration with SIEM and endpoint protection systems for holistic visibility. Faster incident detection and response reducing breach impact by 80%."
Unified Gateway,"Enterprise resource planning modernization replacing legacy ERP with cloud-native solution. Migration of financial, HR, supply chain, and manufacturing modules to modern platform. Integrated data model eliminating data silos and improving operational visibility. Real-time reporting and analytics enabling faster, data-driven decision making. Reduced IT maintenance costs while improving system performance and reliability."
Enterprise Engine,"Pharmaceutical clinical trial optimization leveraging AI and real-world data analytics. Patient recruitment algorithms identifying and matching patients to appropriate trials. Predictive models reducing patient dropout rates and improving trial outcomes. Real-world evidence integration complementing traditional clinical trial data. Faster drug development cycles and improved success rates in regulatory approvals."
Integrated Services,"Fashion retail omnichannel experience unifying online, mobile, and physical store interactions. Unified inventory visibility enabling ship-from-store and flexible fulfillment options. Personal styling recommendations using AI and customer preference analysis. Virtual try-on capabilities using augmented reality technology. Improved customer experience driving higher conversion rates and customer lifetime value."
Cloud Platform,"Sports and entertainment fan engagement platform creating immersive interactive experiences. NFT and tokenization enabling fan ownership of digital collectibles and exclusive content. Gamification and loyalty rewards incentivizing fan participation and spending. Social features enabling fan communities and peer-to-peer interactions. New revenue streams from digital assets and premium experiences."
Secure Framework,"Aerospace supply chain visibility and quality management across global supplier network. Real-time tracking of parts and components throughout manufacturing and assembly. Quality and compliance documentation ensuring traceability for safety-critical components. Supplier performance analytics guiding improvement initiatives and risk mitigation. Enhanced safety and reduced delays in aircraft production and delivery."
Quantum Solutions,"Fashion supply chain sustainability tracking from raw materials through manufacturing. Sustainability metrics for water usage, chemical safety, and labor conditions. Certification and compliance verification ensuring ethical sourcing and manufacturing. Consumer transparency through product passports detailing sustainability attributes. Meeting consumer demand for responsible fashion while improving operational efficiency."
Nexus Framework,"Automotive manufacturing flexible production system enabling diverse model production on same line. Modular manufacturing approach enabling rapid changeover between models and variants. AI-powered production scheduling optimizing throughput and meeting demand. Quality control systems ensuring consistency across diverse product mix. Competitive advantage through manufacturing flexibility and reduced time-to-market."
Vertex Platform,"Financial advisory and wealth management personalization using AI and behavioral finance. Robo-advisor providing investment recommendations based on risk profile and goals. Human advisor collaboration tools enhancing productivity and client relationships. Behavioral coaching helping clients achieve financial goals despite emotional biases. Improved client outcomes and increased assets under management by 25%."
Apex Services,"Real estate technology platform enabling virtual property tours and remote transactions. 3D visualization and augmented reality enabling immersive property viewing. Digital transaction workflows reducing closing time from weeks to days. Blockchain-based title management ensuring secure and transparent ownership records. Disruption of real estate industry enabling broader market participation."
Summit Solutions,"Food and beverage supply chain optimization ensuring freshness and reducing waste. Real-time temperature and humidity monitoring throughout cold chain. Predictive spoilage analytics and dynamic pricing strategies minimizing waste. Traceability enabling rapid recall if safety issues emerge. Revenue protection through waste reduction and improved product quality."
Advanced Services,"Retail pricing optimization using AI and dynamic pricing strategies. Demand forecasting and elasticity analysis informing price point decisions. Competitive intelligence integration enabling responsive pricing strategies. Personalized pricing based on customer segments and willingness to pay. Revenue increases of 5-10% through optimized pricing and inventory management."
Strategic Engine,"Luxury goods authentication and anti-counterfeiting using blockchain and cryptography. Product registration and ownership tracking throughout supply chain and resale. Consumer verification tools ensuring authenticity and preventing fraud. Supply chain transparency building brand trust and premium positioning. Protection of brand equity and prevention of revenue loss from counterfeits."
Digital Platform,"Media and entertainment content recommendation engine using collaborative filtering. Personalized content discovery improving engagement and watch time. Multi-platform synchronization enabling seamless viewing across devices. Predictive analytics informing content production and acquisition decisions. Reduced churn and increased subscription value through better recommendations."
Global Engine,"Construction project management and safety coordination across distributed job sites. Real-time safety monitoring using IoT sensors and computer vision. Predictive safety analytics identifying hazards before accidents occur. Digital documentation and compliance tracking ensuring OSHA adherence. Reduced safety incidents and improved productivity through proactive management."
Smart Services,"Financial transaction monitoring and AML compliance automation preventing money laundering. Machine learning models detecting suspicious patterns and unusual activities. Automated reporting to regulatory authorities ensuring timely compliance. Customer risk profiling ensuring appropriate due diligence. Reduced false positives and improved analyst productivity by 50%."
Unified Hub,"Education learning management system modernization enabling personalized student experiences. Adaptive learning technology adjusting content difficulty based on student progress. AI tutoring providing personalized support and feedback to students. Learning analytics revealing at-risk students for early intervention. Improved student outcomes and reduced education equity gaps."
Enterprise Services,"Pharmaceutical sales force optimization using territory management and predictive analytics. Optimal territory assignment ensuring fair workload distribution and coverage. Activity recommendations prioritizing high-value customers and opportunities. Real-time coaching and performance analytics improving effectiveness. Sales productivity improvements of 15% and better customer relationships."
Integrated Gateway,"Legal document automation and contract management reducing attorney time on routine work. AI-powered contract analysis identifying key terms and potential risks. Automated document assembly based on templates and customer information. E-signature and workflow automation accelerating contract execution. Reduced legal costs and faster contracting enabling faster business velocity."
Cloud Solutions,"Retail inventory shrinkage reduction using computer vision and loss prevention analytics. Real-time shelf monitoring detecting out-of-stocks and misplaced inventory. Theft detection algorithms identifying suspicious activities and patterns. Inventory accuracy improvements reducing shrinkage by 40%. Improved inventory freshness and customer satisfaction through better stock levels."
Secure Services,"Insurance underwriting automation using AI and comprehensive risk assessment. Automated medical record review and analysis supporting underwriting decisions. Predictive models assessing applicant risk and determining appropriate pricing. Straight-through processing for low-risk applications accelerating decision time. Improved profitability through better risk selection and faster processing."
Quantum Framework,"Financial forecasting and cash flow optimization for improved treasury management. Predictive models forecasting revenue and expense trends. Automated cash positioning across accounts and entities optimizing returns. Liquidity risk monitoring and stress testing ensuring financial stability. Improved working capital efficiency and reduced financing costs by 15%."
Nexus Engine,"Hospitality guest experience personalization platform creating memorable stays. AI recommendations for dining, activities, and services based on preferences. Mobile app enabling frictionless interactions and requests throughout stay. Loyalty program personalization increasing repeat visits and spend. Competitive advantage through superior service and increased guest satisfaction."
Vertex Solutions,"Telecommunications customer churn prediction and retention campaign optimization. Predictive models identifying at-risk customers before they leave. Targeted retention offers and campaigns personalised to customer value and preferences. Win-back programs re-engaging previous customers and reinstating service. Reduced churn rates by 25% and improved customer lifetime value."
Apex Analytics,"Insurance claims fraud detection using advanced analytics and machine learning. Predictive models identifying high-fraud-risk claims for investigation. Network analysis detecting fraud rings and organized schemes. Real-time alerts enabling rapid investigation and prevention. Fraud loss reduction of 30% while maintaining customer satisfaction."
Summit Engine,"Retail workforce optimization and scheduling ensuring adequate staffing and payroll control. Demand forecasting optimizing labor scheduling to match customer traffic. Skills-based scheduling ensuring right skills available when needed. Labor cost control while maintaining service levels and employee satisfaction. Labor cost reduction of 10-15% improving operational profitability."
Advanced Framework,"Telecommunications network planning and capacity optimization for growth. Traffic forecasting and demand modeling informing infrastructure investments. Network slicing and optimization for different service types and customers. Cost-effective capacity expansion ensuring performance at lowest cost. Reduced network congestion and improved customer experience."
Strategic Solutions,"Financial planning and analysis modernization enabling faster, more accurate forecasts. Automated data collection from multiple sources consolidating financial information. AI-powered forecasting improving accuracy over manual processes. Scenario modeling enabling rapid evaluation of strategic options. Faster close processes and better financial decision-making."
Digital Analytics,"Retail customer behavior analysis using computer vision and foot traffic tracking. Real-time heat maps revealing high-traffic areas and customer flow patterns. Effectiveness analysis of displays and promotions based on engagement. Store layout optimization improving merchandising and sales. Sales uplift of 10-20% through data-driven store operations."
Global Gateway,"Supply chain resilience and dual-sourcing strategy reducing single-source risks. Supplier diversification across geographies and capabilities. Risk monitoring and early warning systems alerting to potential disruptions. Contingency planning and response protocols for rapid recovery. Reduced supply chain disruptions and business continuity."
Smart Platform,"Energy grid modernization and smart meter deployment enabling demand response. Real-time consumption monitoring enabling customer engagement in conservation. Predictive analytics optimizing grid operations and reducing losses. Integration of renewable energy sources and distributed generation. Improved grid efficiency and sustainability while reducing operational costs."
Unified Solutions,"Pharmaceutical marketing compliance and regulatory documentation management. Automated document assembly and version control ensuring compliance. Review workflow ensuring appropriate approvals and documentation. Audit trails supporting regulatory examinations. Reduced compliance risk and faster product launch timelines."
Enterprise Hub,"Manufacturing supply chain digitalization enabling end-to-end visibility. Supplier integration portals enabling real-time order and shipment tracking. Quality and compliance documentation ensuring traceability. Predictive analytics preventing shortages and optimizing inventory. Improved on-time delivery and reduced supply chain costs."
Integrated Platform,"Healthcare revenue cycle optimization reducing billing delays and denials. Automated eligibility verification before service delivery. Claims optimization and follow-up processes reducing rejections. Predictive analytics identifying payment risks early. Revenue improvements of 8-12% through improved collections."
Cloud Analytics,"Retail sustainability and ESG reporting platform tracking environmental impact. Emissions tracking across operations and supply chain. Waste reduction metrics and circular economy initiatives. Supplier sustainability requirements and compliance monitoring. Stakeholder reporting supporting ESG commitments and investor relations."
Secure Solutions,"Financial cybersecurity and fraud prevention across payment systems. Real-time transaction monitoring detecting fraudulent patterns. Biometric authentication enabling secure customer access. Encryption and secure key management protecting sensitive data. Reduced fraud losses and improved customer confidence."
Quantum Engine,"Insurance policy administration modernization improving customer experience. Self-service portals enabling policy updates and inquiries. Automated policy issuance and renewal processes. Integration with distribution channels for seamless experiences. Reduced operational costs and improved customer retention."
Nexus Solutions,"Entertainment venue ticketing and management platform maximizing revenue. Dynamic pricing optimizing prices based on demand and inventory. Revenue management strategies across event categories and time. Ancillary revenue from food, beverage, and merchandise. Revenue per attendee improvements of 20-30%."
Vertex Services,"Telecommunications IoT connectivity platform enabling smart city and enterprise applications. Dedicated IoT network optimized for low power and wide area coverage. Device management and provisioning at scale. Edge computing enabling real-time processing and reduced latency. New business opportunities in IoT and connected services."
Apex Framework,"Retail return and refund management improving operational efficiency. Automated return authorization and processing. Resale or recycling of returned items maximizing recovery value. Fraud detection preventing return abuse and losses. Return processing cost reductions of 25% improving profitability."
Summit Analytics,"Sports analytics platform providing performance insights and player development guidance. Wearable device integration capturing biomechanical and physiological data. Computer vision analysis of game footage and techniques. Predictive injury risk identification enabling prevention. Competitive advantage through data-driven training and tactics."
Advanced Gateway,"Construction safety and incident management reducing workplace injuries. Wearable devices monitoring worker safety and fatigue. Real-time hazard detection and safety alerts. Incident documentation and root cause analysis. Safety culture improvement reducing accident rates by 40%."
Strategic Hub,"Financial derivatives and risk management platform for hedging. Automated pricing models ensuring fair valuation. Real-time risk monitoring across positions and portfolios. Scenario analysis and stress testing. Improved risk management and profitability."
Digital Services,"Telecommunications infrastructure sharing enabling faster network deployment. Open access to cell towers and fiber assets. Automated provisioning and revenue sharing. Cost reduction through shared infrastructure. Accelerated 5G and fiber deployment."
Global Platform,"Automotive connected vehicle platform enabling OTA updates and remote diagnostics. Vehicle data collection and analytics improving products. Predictive maintenance preventing breakdowns. Customer engagement through in-vehicle services. New revenue streams from connected services."
Smart Engine,"Hospital resource allocation and bed management optimization. Real-time bed availability and patient flow visibility. Predictive analytics preventing bottlenecks. Automated bed assignment improving efficiency. Patient throughput improvements and reduced wait times."
Unified Framework,"Financial market surveillance and regulatory compliance for trading operations. Real-time trade monitoring detecting suspicious activities. Automated alerts and escalation procedures. Regulatory reporting and audit trail documentation. Compliance with market conduct regulations."
Enterprise Solutions,"Manufacturing predictive analytics and condition-based maintenance. Real-time equipment monitoring and health assessment. Predictive failure models preventing unplanned downtime. Maintenance optimization and spare parts planning. Equipment availability improvements reducing production losses."
Integrated Analytics,"Healthcare patient journey mapping improving care coordination and outcomes. Integrated view of patient interactions across care settings. Care plan tracking ensuring protocol adherence. Outcome measurement and quality improvement. Improved patient satisfaction and reduced readmissions."
Cloud Gateway,"Retail demand planning and replenishment optimization reducing waste. Inventory forecasting accuracy improvements. Automated replenishment ensuring stock availability. Seasonal and promotional planning integration. Inventory reduction of 15% while improving service levels."
Secure Analytics,"Insurance cyber risk assessment and mitigation guidance. Vulnerability scanning and threat modeling. Risk quantification and ROI analysis of controls. Remediation roadmap prioritization. Risk reduction and improved insurance underwriting."
Quantum Solutions,"Financial transaction settlement and clearing modernization. Blockchain-based settlement enabling instant finality. Reduced settlement risk and operational costs. Real-time settlement reducing counterparty risk. Market infrastructure transformation."
Nexus Platform,"Entertainment creator economy platform enabling content monetization. Direct fan support and patronage mechanisms. Merchandise and NFT integration. Revenue sharing and payout automation. Creator community growth and earnings."
Vertex Framework,"Telecommunications customer experience management across channels. Omnichannel interaction tracking and history. AI-powered customer service routing and resolution. Satisfaction tracking and improvement. Customer experience scores improving by 30%."
Apex Platform,"Legal case management and litigation support automation. Document management and e-discovery efficiency. Litigation cost tracking and matter profitability. Predictive analytics on case outcomes. Improved profitability and faster case resolution."
Summit Gateway,"Sports player trading and transfer market optimization. Player valuation and market trend analysis. Contract negotiation support and management. Team performance impact modeling. Strategic player acquisition improving competitiveness."
Advanced Analytics,"Construction equipment utilization and cost management. Asset tracking and scheduling optimization. Maintenance tracking and predictive servicing. Utilization rate improvements reducing costs. Equipment ROI optimization."
Strategic Framework,"Pharmaceutical supply chain serialization and tracking. Track-and-trace for regulatory compliance. Counterfeit prevention throughout distribution. Rapid recall capability if needed. Supply chain integrity and patient safety."
Digital Solutions,"Telecommunications network security and threat prevention. DDoS mitigation and traffic filtering. Malware detection and prevention. Security incident response automation. Improved network security and uptime."
Global Analytics,"Automotive recall management and customer notification. Rapid deployment of over-the-air fixes. Service scheduling and parts management. Customer communication throughout recall. Quality and reputation protection."
Smart Hub,"Hospital emergency department optimization. Triage algorithm improvements reducing wait times. Bed capacity management and throughput. Discharge planning and follow-up coordination. Emergency care efficiency and safety."
Unified Engine,"Financial compliance and regulatory reporting automation. Regulatory requirement change tracking. Automated report generation and submission. Audit preparation and documentation. Compliance cost reduction and risk mitigation."
Enterprise Platform,"Manufacturing quality assurance and statistical process control. Real-time quality monitoring and alerts. Root cause analysis of defects. Continuous improvement tracking. Quality improvements and waste reduction."
Integrated Hub,"Healthcare medical records interoperability and exchange. Standards-based EHR data sharing. Privacy controls and patient consent management. Clinical decision support integration. Improved care coordination and outcomes."
Cloud Services,"Retail omnichannel fulfillment and logistics optimization. Order routing across channels and locations. Last-mile delivery optimization. Returns processing and reverse logistics. Fulfillment cost reduction and delivery speed."
Secure Framework,"Insurance claims investigations and fraud detection support. Digital evidence collection and management. Case management and workflow automation. Investigation outcome tracking. Fraud loss reduction and claims accuracy."
Quantum Analytics,"Financial portfolio optimization and risk management. Asset allocation recommendations. Risk analysis and stress testing. Rebalancing automation and execution. Improved returns and risk-adjusted performance."
Nexus Services,"Entertainment content distribution and streaming optimization. Multi-region content delivery. Bitrate adaptation for network conditions. Analytics on viewer engagement and churn. Improved streaming experience and retention."
Vertex Analytics,"Telecommunications tower location optimization for coverage. Geographic coverage analysis and modeling. Capacity planning based on traffic patterns. Network performance optimization. Coverage gaps elimination and investment prioritization."
Apex Engine,"Legal document review and due diligence automation. AI-powered document classification and extraction. Concept-based searching across large document sets. Privilege log generation. Due diligence cost and timeline reduction."
Summit Services,"Sports athlete sponsorship matching and contract management. Brand-athlete fit analysis. Contract term negotiation support. Performance tracking and fulfillment. Sponsorship ROI optimization."
Advanced Solutions,"Construction project cost management and forecasting. Budget tracking and variance analysis. Change order management and approval workflow. Earned value tracking. Cost overrun prevention and profitability."
Strategic Analytics,"Pharmaceutical regulatory affairs and compliance management. Regulatory requirement tracking and interpretation. Submission document assembly and tracking. Regulatory correspondence management. Faster approvals and reduced costs."
Digital Framework,"Telecommunications inventory management and optimization. Network equipment tracking and utilization. Spare parts inventory optimization. Procurement efficiency. Inventory carrying cost reduction."
Global Services,"Automotive supply chain visibility and risk management. Supplier location and alternative sourcing. Supply disruption prediction and mitigation. Cost optimization through sourcing. Supply chain resilience."
Smart Solutions,"Hospital staff scheduling and workforce management. Shift scheduling optimization across units. Staffing level targeting. Time tracking and labor law compliance. Labor cost control and service continuity."
Unified Analytics,"Financial trade execution and market microstructure optimization. Execution algorithm selection and routing. Market impact minimization. Cost analysis and benchmarking. Improved trade execution and cost reduction."
Enterprise Framework,"Manufacturing asset maintenance and reliability engineering. Maintenance work order management. Spare parts inventory and procurement. Downtime tracking and root cause analysis. Asset reliability and availability improvements."
Integrated Services,"Healthcare appointment scheduling and patient flow optimization. Availability management and overbooking prevention. Patient reminder systems reducing no-shows. Cancellation and slot utilization optimization. Patient access and revenue cycle optimization."
Cloud Analytics,"Retail shrinkage and loss prevention optimization. Theft pattern detection and prevention. Employee integrity monitoring. Vendor fraud prevention. Shrinkage reduction of 30% improving profitability."
Secure Solutions,"Insurance policy underwriting and rating optimization. Application processing automation. Risk assessment algorithms. Automated rating and approval. Underwriting efficiency and volume growth."
Quantum Services,"Financial data management and master data governance. Data quality assurance and remediation. Data lineage and impact analysis. Regulatory data requirements compliance. Data integrity and operational efficiency."
Nexus Analytics,"Entertainment box office prediction and movie analytics. Box office forecasting models. Audience preference analysis. Marketing effectiveness tracking. Investment and distribution optimization."
Vertex Hub,"Telecommunications customer data and profile management. Customer single view across touchpoints. Privacy and consent management. Data enrichment and validation. Improved customer insights and marketing."
Apex Services,"Legal contract lifecycle management and automation. Contract authoring and assembly. Obligation tracking and management. Renewal and expiration tracking. Contract compliance and cost management."
Summit Framework,"Sports performance analytics and team strategy optimization. Player statistics and tracking. Opponent analysis and scouting. Game strategy modeling and simulation. Competitive advantage through analytics."
Advanced Services,"Construction equipment and asset predictive maintenance. Equipment sensor data monitoring. Failure prediction models. Preventive maintenance scheduling. Unplanned downtime reduction by 40%."
Strategic Services,"Pharmaceutical clinical supply chain and manufacturing. Demand forecasting for clinical trials. Manufacturing scheduling optimization. Storage and stability management. Supply assurance and trial continuity."
Digital Hub,"Telecommunications customer retention and win-back programs. Churn propensity modeling. Retention offer personalization. Win-back campaign targeting. Reduced churn and improved customer lifetime value."
Global Hub,"Automotive inventory management and dealer optimization. Vehicle allocation across dealerships. Demand forecasting and production planning. Pricing optimization by market and timing. Inventory turnover and margin improvement."
Smart Framework,"Hospital patient safety and adverse event reporting. Safety event documentation and tracking. Trending and analysis of safety issues. Corrective action tracking. Culture of safety and risk mitigation."
Unified Solutions,"Financial reporting and consolidation automation. Multi-entity consolidation and reporting. GAAP and local accounting standards compliance. Variance analysis and explanations. Month-end close acceleration."
Enterprise Solutions,"Manufacturing production scheduling and optimization. Demand integration and forecasting. Shop floor scheduling and execution. Work-in-process optimization. On-time delivery improvement by 20%."
Integrated Framework,"Healthcare value-based care and outcomes measurement. Clinical outcome tracking and reporting. Cost-benefit analysis of treatments. Population health management. Improved quality and cost reduction."
Cloud Hub,"Retail employee training and onboarding. Digital learning modules and content. Skills assessment and tracking. Competency management. Training effectiveness and employee productivity."
Secure Services,"Insurance claims workflow and document management. Claims intake automation. Workflow routing and approval. Document repository and retrieval. Claims processing acceleration."
Quantum Framework,"Financial risk quantification and Value-at-Risk modeling. Market risk calculation across portfolios. Scenario analysis and stress testing. Regulatory capital calculation. Risk management and compliance."
Nexus Hub,"Entertainment social media and influencer marketing. Influencer identification and outreach. Campaign management and tracking. Engagement metrics and analytics. Content reach and audience growth."
Vertex Services,"Telecommunications network quality and performance management. Real-time performance monitoring. Service level agreement tracking. Automated remediation and alerts. Network quality and customer satisfaction."
Apex Analytics,"Legal research and knowledge management. Case law and statute database. Legal research automation. Knowledge base and best practices. Research efficiency and consistency."
Summit Solutions,"Sports event management and ticketing. Venue operations management. Parking and traffic optimization. Vendor and supplier coordination. Event experience optimization."
Advanced Hub,"Construction workforce planning and productivity tracking. Crew scheduling and time tracking. Productivity metrics and benchmarking. Safety training and certification. Labor productivity improvement."
Strategic Solutions,"Pharmaceutical market access and reimbursement strategy. Payor engagement and evidence development. Health economics analysis. Pricing and contract optimization. Market access acceleration."
Digital Engine,"Telecommunications service assurance and quality of experience. Call quality monitoring and analysis. Network performance correlation with customer experience. Automated remediation. Service quality and customer satisfaction."
Global Framework,"Automotive battery management and EV infrastructure. Battery health monitoring and diagnostics. Charging station location optimization. Grid integration management. EV adoption enablement."
Smart Analytics,"Hospital medical equipment management and maintenance. Equipment tracking and utilization. Preventive maintenance scheduling. Compliance with regulatory inspections. Equipment reliability and safety."
Unified Framework,"Financial investment portfolio management and reporting. Portfolio valuation and performance tracking. Asset allocation and rebalancing. Risk-adjusted return analysis. Client reporting and communications."
Enterprise Hub,"Manufacturing supplier quality and performance management. Supplier scorecard and metrics. Quality issue escalation and resolution. Supplier development and improvement. Supply chain quality assurance."
Integrated Analytics,"Healthcare prescription management and medication adherence. E-prescription integration with pharmacies. Medication reminders and tracking. Adherence monitoring and intervention. Patient outcomes improvement."
Cloud Solutions,"Retail gift card and loyalty points management. Real-time balance tracking and updates. Redemption processing and settlement. Promotional campaign integration. Revenue recognition and fraud prevention."
Secure Analytics,"Insurance investigation case management. Digital evidence management. Investigation workflow and tracking. Claim outcome tracking. Investigation efficiency and fraud prevention."
Quantum Hub,"Financial cash flow forecasting and liquidity planning. Daily cash position forecasting. Liquidity stress testing. Automated cash movement. Working capital optimization."
Nexus Framework,"Entertainment event production and live streaming. Multi-camera directing and switching. Real-time analytics and insights. Multi-platform distribution. Viewer engagement and reach."
Vertex Analytics,"Telecommunications tower and site management. Site operations and maintenance tracking. Tenant coordination and billing. Environmental and safety compliance. Site portfolio optimization."
Apex Hub,"Legal intellectual property management and protection. Patent portfolio management. Trademark monitoring and enforcement. Licensing and cross-licensing tracking. IP value protection and monetization."
Summit Analytics,"Sports stadium and venue operations. Facility maintenance and scheduling. Safety and security management. Concession and retail operations. Fan experience optimization."
Advanced Analytics,"Construction material procurement and inventory. Supply ordering and delivery tracking. Cost tracking and forecasting. Waste reduction and recovery. Procurement efficiency and cost control."
Strategic Hub,"Pharmaceutical sales and marketing effectiveness measurement. Campaign ROI tracking. Sales territory analytics. Competitive positioning analysis. Marketing investment optimization."
Digital Solutions,"Telecommunications 5G deployment and optimization. Network coverage planning and rollout. Performance monitoring and optimization. Customer experience in 5G networks. 5G capability enablement."
Global Services,"Automotive dealership operations and management. Sales and service scheduling. Customer relationship tracking. Inventory and parts management. Dealership profitability optimization."
Smart Services,"Hospital bed management and patient flow. Real-time bed availability and assignment. Patient transfer optimization. Discharge planning coordination. Hospital throughput improvement."
Unified Hub,"Financial loan origination and credit decisioning. Application intake and document collection. Credit risk assessment. Loan pricing optimization. Origination volume and efficiency improvement."
Enterprise Analytics,"Manufacturing production control and execution. Real-time production status tracking. Work order management and sequencing. Quality tracking and control. On-time, on-quality delivery."
Integrated Services,"Healthcare home health care coordination. Visit scheduling and routing. Patient assessment and plan tracking. Caregiver assignment optimization. Care quality and visit productivity."
Cloud Framework,"Retail price comparison and competitive intelligence. Market price monitoring. Competitor pricing and promotional tracking. Price elasticity analysis. Pricing strategy optimization."
Secure Hub,"Insurance policy servicing and administration. Policy change processing and systems updates. Billing and statement generation. Customer service issue tracking. Policy servicing efficiency."
Quantum Analytics,"Financial derivative pricing and valuation. Option pricing models. Bond and fixed income valuation. Exotic derivative pricing. Valuation accuracy and consistency."
Nexus Services,"Entertainment audience research and testing. Survey and focus group management. Content testing and optimization. Audience preference analysis. Content ROI optimization."
Vertex Solutions,"Telecommunications mobile device management. Device provisioning and activation. Remote configuration and updates. Security policy enforcement. Device fleet security and management."
Apex Framework,"Legal matter management and time tracking. Attorney time tracking and billing. Project management and status reporting. Client billing and collections. Matter profitability optimization."
Summit Hub,"Sports fan engagement and community building. Fan forums and discussion boards. Event information and updates. Merchandise and ticket sales. Community growth and loyalty."
Advanced Framework,"Construction building information modeling. 3D project visualization and planning. Clash detection and coordination. Prefabrication optimization. Construction efficiency and quality."
Strategic Framework,"Pharmaceutical product lifecycle management. Product launch planning and execution. Market introduction and commercialization. Product retirement and closeout. Lifecycle ROI optimization."
Digital Analytics,"Telecommunications customer service and support. Multi-channel support availability. Self-service knowledge base. Support ticket tracking and resolution. Customer satisfaction improvement."
Global Solutions,"Automotive telematics and vehicle diagnostics. Remote vehicle monitoring and diagnostics. Maintenance alerts and scheduling. Driver behavior analysis. Vehicle reliability and safety."
Smart Hub,"Hospital pharmacy operations and medication management. Pharmacy inventory and supply chain. Medication dispensing and verification. Drug interaction checking. Medication safety and efficiency."
Unified Solutions,"Financial securities operations and settlement. Trade processing and confirmation. Settlement instruction processing. Cash management and reconciliation. Operational efficiency and risk reduction."
Enterprise Framework,"Manufacturing environmental and compliance management. Emissions tracking and reporting. Waste disposal and recycling. Environmental impact reduction initiatives. Regulatory compliance and sustainability."
Integrated Hub,"Healthcare clinical laboratory operations. Lab test order management. Sample tracking and testing. Result reporting and follow-up. Lab efficiency and test quality."
Cloud Analytics,"Retail visual merchandising and store design. Planogram management and compliance. Store layout optimization. Seasonal refresh planning. Sales uplift from merchandising optimization."
Secure Framework,"Insurance claims data analytics and insights. Claims cost trending. Fraud pattern detection. Customer insights from claims data. Claims analytics and prevention."
Quantum Solutions,"Financial securities lending and collateral management. Collateral valuation and haircut management. Lending arrangement tracking. Collateral movement and reconciliation. Risk mitigation and compliance."
Nexus Analytics,"Entertainment content metadata management. Show and movie catalog management. Rights and licensing tracking. Content recommendations. Content discovery improvement."
Vertex Framework,"Telecommunications infrastructure asset management. Network equipment inventory and tracking. Asset depreciation and lifecycle. Preventive maintenance scheduling. Asset utilization optimization."
Apex Solutions,"Legal contract management for HR and employment. Employment agreement tracking. Benefits and compensation contracts. Change of control monitoring. Contract compliance and risk mitigation."
Summit Framework,"Sports recruiting and player development. Player assessment and scouting. Development plan tracking. Performance monitoring. Talent development success."
Advanced Solutions,"Construction change order management and claims. Change request documentation. Impact analysis and pricing. Dispute resolution tracking. Claims management effectiveness."
Strategic Analytics,"Pharmaceutical quality by design and manufacturing. Process optimization studies. Quality risk assessment. Continuous improvement tracking. Manufacturing efficiency and quality."
Digital Framework,"Telecommunications content delivery optimization. Content caching and distribution. Bandwidth management. Quality of streaming optimization. User experience improvement."
Global Analytics,"Automotive manufacturing process optimization. Process metrics and KPIs. Continuous improvement initiatives. Root cause analysis. Efficiency and quality improvement."
Smart Framework,"Hospital laboratory information system. Lab data management and analysis. Quality control and calibration. Compliance with testing standards. Lab efficiency and accuracy."
Unified Analytics,"Financial investment operations and reconciliation. Portfolio and transaction reconciliation. Fee calculation and billing. NAV and valuation tracking. Operational accuracy and efficiency."
Enterprise Services,"Manufacturing data collection and analytics. Real-time production data capture. Equipment and process metrics. KPI dashboard and reporting. Operational visibility and improvement."
Integrated Solutions,"Healthcare clinical workflow optimization. Process documentation and improvement. Resource allocation optimization. Bottleneck identification and resolution. Clinical efficiency improvement."
Cloud Framework,"Retail omnichannel inventory and fulfillment. Inventory location optimization. Order allocation to fulfillment locations. Fulfillment method selection. Fulfillment cost and speed optimization."
Secure Solutions,"Insurance fraud investigation support tools. Network analysis of fraud schemes. Document analysis and timeline creation. Investigation collaboration tools. Investigation efficiency improvement."
Quantum Framework,"Financial post-trade risk management. Real-time risk monitoring and alerts. Regulatory capital optimization. Stress testing and scenario analysis. Risk mitigation and compliance."
Nexus Solutions,"Entertainment digital rights management. Content protection and licensing. Distribution channel management. Revenue tracking and optimization. IP protection and monetization."
Vertex Analytics,"Telecommunications radio access network optimization. Cell site optimization and tuning. Antenna and frequency optimization. Coverage and capacity improvement. Network performance optimization."
Apex Analytics,"Legal legal spend management and budget tracking. Outside counsel spending tracking. Alternative fee arrangements. Spend analytics and benchmarking. Legal cost control and ROI."
Summit Services,"Sports athlete injury prevention and rehabilitation. Injury risk assessment and monitoring. Rehabilitation program tracking. Return-to-play decision support. Injury reduction and athlete longevity."
Advanced Framework,"Construction project financial management. Budget development and tracking. Cash flow forecasting and management. Contractor payment processing. Financial controls and profitability."
Strategic Services,"Pharmaceutical adverse event tracking and reporting. Safety issue documentation. Regulatory reporting and deadlines. Risk mitigation and safety monitoring. Patient safety and regulatory compliance."
Digital Services,"Telecommunications infrastructure network inventory. Network asset tracking and mapping. Fiber and cable routing documentation. Capacity and availability tracking. Network planning and optimization."
Global Framework,"Automotive fleet management and telematics. Vehicle tracking and location services. Driver safety and behavior monitoring. Fuel consumption tracking. Fleet efficiency and cost reduction."
Smart Solutions,"Hospital emergency department workflow. Patient flow tracking. Bed and treatment area utilization. Provider schedule optimization. Wait time reduction and throughput."
Unified Framework,"Financial middle office operations. Position and cash tracking. Regulatory reporting and filing. Compliance monitoring and alerts. Operational efficiency and accuracy."
Enterprise Analytics,"Manufacturing work force planning and skill management. Skill inventory and gap analysis. Training plan development. Workforce scheduling. Productivity and retention improvement."
Integrated Framework,"Healthcare emergency room patient tracking. Arrival to discharge time tracking. Provider and equipment utilization. Patient outcome tracking. Emergency care efficiency and safety."
Cloud Services,"Retail space planning and design. Space utilization analysis. Category placement optimization. Traffic flow planning. Sales and customer experience optimization."
Secure Framework,"Insurance customer acquisition cost analysis. Marketing spend by channel. Customer lifetime value by source. ROI by campaign. Marketing efficiency improvement."
Quantum Services,"Financial benchmark and reporting analytics. Performance metrics and KPI reporting. Benchmark comparison and analysis. Regulatory reporting. Performance transparency and improvement."
Nexus Framework,"Entertainment broadcast and transmission. Live event transmission. Multiple platform distribution. Quality monitoring. Viewership and engagement measurement."
Vertex Services,"Telecommunications cybersecurity and network defense. Intrusion detection and prevention. DDoS mitigation. Threat intelligence and response. Network security posture improvement."
Apex Analytics,"Legal legal research platform and knowledge. Statute and case law database. Legal research tools and analytics. Practice area knowledge base. Research efficiency and quality."
Summit Analytics,"Sports arena and venue technology. Wi-Fi and connectivity. Security and access control. Fan experience technology. Attendee engagement and experience."
Advanced Hub,"Construction safety training and certification. Online training module delivery. Competency assessment and tracking. Certification management. Safety culture and training compliance."
Strategic Solutions,"Pharmaceutical manufacturing compliance and validation. Batch record management. Equipment maintenance and qualification. Quality assurance and testing. Regulatory compliance and product quality."
Digital Hub,"Telecommunications business support systems. Billing and provisioning. Customer management and support. Service catalogs and ordering. Operational efficiency improvement."
Global Analytics,"Automotive supply chain forecasting. Demand forecasting and planning. Supply planning optimization. Inventory optimization. Supply-demand alignment."
Smart Services,"Hospital intensive care unit optimization. Patient monitoring and alerts. Medication administration tracking. Care protocol compliance. Patient safety and outcomes."
Unified Services,"Financial investment committee and governance. Investment decision documentation. Approval and authorization workflow. Investment tracking and reporting. Governance and compliance."
Enterprise Hub,"Manufacturing supply chain integration. Supplier connectivity and data sharing. Order and shipment visibility. Quality and compliance tracking. Supply chain collaboration."
Integrated Analytics,"Healthcare patient discharge planning. Discharge order management. Follow-up appointment scheduling. Medication reconciliation. Post-acute care coordination."
Cloud Analytics,"Retail customer data privacy and compliance. CCPA and GDPR compliance. Customer consent management. Data retention and deletion. Privacy compliance and trust."
Secure Analytics,"Insurance reinsurance placement and management. Reinsurance treaty tracking. Claims notification and processing. Premium and billing management. Reinsurance management efficiency."
Quantum Framework,"Financial market data management and distribution. Real-time data feeds and distribution. Data validation and quality. Market snapshot and historical archive. Data availability and quality."
Nexus Analytics,"Entertainment virtual and augmented reality experiences. Immersive content creation. Interactive viewer experiences. Audience engagement measurement. Next-generation content experiences."
Vertex Framework,"Telecommunications private network and SD-WAN. Enterprise network connectivity. Network performance optimization. Security policy enforcement. Enterprise connectivity transformation."
Apex Services,"Legal dispute resolution and litigation. Case timeline and document management. Discovery automation and review. Expert witness coordination. Litigation efficiency and outcomes."
Summit Solutions,"Sports financial management and accounting. Revenue tracking and reporting. Expense management and controls. Payroll and benefits administration. Financial health and transparency."
Advanced Services,"Construction supply chain and material management. Supplier inventory management. On-site material tracking. Just-in-time delivery coordination. Supply efficiency and cost control."
Strategic Services,"Pharmaceutical post-market surveillance and safety. Adverse event monitoring and trending. Safety signal detection. Regulatory reporting. Patient safety monitoring."
Digital Analytics,"Telecommunications network automation and orchestration. Service provisioning automation. Network configuration management. Intent-based networking. Operational efficiency automation."
Global Hub,"Automotive parts and maintenance supply chain. Aftermarket parts distribution. Warranty claims processing. Service parts inventory. Aftermarket business optimization."
Smart Analytics,"Hospital surgical services and OR management. Operating room scheduling. Surgical equipment and supply management. Case documentation and coding. Surgical efficiency and outcomes."
Unified Hub,"Financial trade finance and working capital. Letter of credit processing. Trade finance document handling. Supplier financing programs. Working capital optimization."
Enterprise Solutions,"Manufacturing labor and workforce management. Time and attendance tracking. Labor scheduling. Training and development. Workforce productivity optimization."
Integrated Services,"Healthcare patient billing and accounts receivable. Patient account setup and eligibility. Bill generation and mailing. Collections and payment posting. Revenue cycle optimization."
Cloud Solutions,"Retail category management and merchandising. Category performance analytics. Assortment optimization. Pricing and promotion planning. Sales and margin optimization."
Secure Solutions,"Insurance claims reserves and case management. Reserve estimation and tracking. Case outcome prediction. Reserve trending and analysis. Claims management and profitability."
Quantum Hub,"Financial market structure and microstructure analysis. Trading volume and flow analysis. Market impact analysis. Execution optimization. Trading performance improvement."
Nexus Services,"Entertainment fan and customer relationship management. Fan database and profiling. Marketing campaign management. Ticket and merchandise sales. Fan engagement and lifetime value."
Vertex Solutions,"Telecommunications enterprise customer management. Account management and service delivery. Contract management and renewals. Service level agreements. Enterprise customer satisfaction."
Apex Framework,"Legal intellectual property strategy and planning. Patent prosecution strategy. Competitive landscape analysis. Freedom-to-operate analysis. IP strategy optimization."
Summit Framework,"Sports venue management and events operations. Event scheduling and planning. Vendor and contractor coordination. Safety and security protocols. Event success and safety."
Advanced Analytics,"Construction project planning and scheduling. CPM scheduling and optimization. Resource allocation and leveling. Progress tracking and reporting. Schedule performance."
Strategic Analytics,"Pharmaceutical manufacturing cost analysis. Cost by product and process. Variance analysis and investigation. Cost reduction initiatives. Manufacturing cost optimization."
Digital Solutions,"Telecommunications enterprise security. Corporate network security. Threat and vulnerability management. Security policy enforcement. Enterprise security posture."
Global Solutions,"Automotive quality and defect tracking. Defect documentation and root cause. Warranty and recall management. Quality improvements. Quality and customer satisfaction."
Smart Framework,"Hospital materials management and supply chain. Inventory management and optimization. Supply ordering and receiving. Vendor management. Supply chain efficiency and costs."
Unified Solutions,"Financial operational risk management and compliance. Risk identification and assessment. Control testing and validation. Compliance monitoring. Operational risk mitigation."
Enterprise Framework,"Manufacturing inventory management and optimization. Inventory forecasting and planning. Warehouse operations. Inventory accuracy and obsolescence. Inventory turnover and costs."
Integrated Framework,"Healthcare pharmacy benefit management. Formulary management and optimization. Prior authorization processing. Medication cost management. Drug cost and quality management."
Cloud Framework,"Retail customer loyalty and personalization. Loyalty program management. Personalized offers and recommendations. Customer engagement tracking. Loyalty growth and value."
Secure Framework,"Insurance regulatory compliance and reporting. Regulatory change management. Compliance documentation. Risk and solvency assessment. Regulatory compliance and reporting."
Quantum Analytics,"Financial market research and investment analytics. Equity and fixed income research. Investment opportunity analysis. Portfolio recommendations. Investment decision support."
Nexus Hub,"Entertainment music and audio streaming. Song catalog management. Licensing and royalty tracking. Artist and listener analytics. Music service optimization."
Vertex Services,"Telecommunications IoT platform and ecosystem. Sensor data collection and processing. Device management and provisioning. Real-world data monetization. IoT business model enablement."
Apex Hub,"Legal contract management for procurement. Purchase order and contract management. Compliance with contract terms. Supplier onboarding. Procurement efficiency and compliance."
Summit Hub,"Sports performance measurement and analytics. Athlete biometric tracking. Training effectiveness analytics. Competition prediction models. Performance optimization."
Advanced Solutions,"Construction project risk management. Risk identification and assessment. Insurance and surety management. Change order management. Risk mitigation."
Strategic Hub,"Pharmaceutical supply chain quality control. Raw material testing and approval. Batch sampling and testing. Final product testing. Supply quality assurance."
Digital Framework,"Telecommunications edge computing and MEC. Application deployment at network edge. Low-latency service delivery. 5G MEC enablement. Next-generation service delivery."
Global Framework,"Automotive connected services and data. Vehicle-generated data collection. Remote diagnostics and support. Over-the-air software updates. Connected vehicle services."
Smart Hub,"Hospital patient registration and master index. Patient demographic management. Duplicate record management. Master patient index. Patient data integrity."
Unified Analytics,"Financial credit risk assessment and monitoring. Credit scoring models. Default risk prediction. Portfolio risk analysis. Credit management optimization."
Enterprise Services,"Manufacturing maintenance spare parts planning. Spare parts demand forecasting. Inventory level optimization. Supply reliability. Spare parts availability and costs."
Integrated Analytics,"Healthcare medical coding and billing accuracy. Claim coding accuracy. Billing compliance audits. Revenue recovery. Billing accuracy and compliance."
Cloud Analytics,"Retail traffic analytics and store insights. Foot traffic measurement and analysis. Customer dwell time tracking. Conversion funnel analysis. Store performance optimization."
Secure Services,"Insurance premium audits and billing. Premium accuracy verification. Audit and adjustment processing. Customer billing. Premium accuracy and compliance."
Quantum Solutions,"Financial collateral management and optimization. Collateral valuation models. Haircut and risk management. Collateral movement tracking. Collateral efficiency."
Nexus Analytics,"Entertainment recommendation engines and personalization. User behavior tracking and analysis. Content recommendation algorithms. Engagement optimization. Content discovery and engagement."
Vertex Analytics,"Telecommunications network security and intrusion detection. Threat monitoring and alerting. Malware and intrusion prevention. Security incident response. Network security improvement."
Apex Solutions,"Legal e-discovery and document management. Document collection and preservation. Legal hold management. Evidence tracking. Discovery efficiency and compliance."
Summit Analytics,"Sports betting and fantasy sports. Sports data aggregation and analytics. Odds and prediction modeling. Betting platform operation. Fantasy sports platform operation."
Advanced Framework,"Construction building compliance and inspection. Code compliance tracking. Permit and license management. Inspection scheduling. Compliance assurance."
Strategic Framework,"Pharmaceutical development and clinical trial management. Protocol development and management. Patient enrollment and tracking. Data safety monitoring. Trial efficiency and quality."
Digital Analytics,"Telecommunications network visibility and monitoring. Real-time network performance tracking. Multi-layer network visibility. Service quality monitoring. Network operations optimization."
Global Services,"Automotive dealer inventory and sales. Vehicle inventory tracking. Sales contract and F&I management. Customer relationship tracking. Sales and inventory optimization."
Smart Solutions,"Hospital nursing and clinical staff scheduling. Shift scheduling and preference management. Float pool and agency management. Compliance with labor regulations. Staffing efficiency and satisfaction."
Unified Framework,"Financial customer due diligence and AML. Customer information collection. Risk profiling. Beneficial ownership verification. Compliance with AML regulations."
Enterprise Framework,"Manufacturing production execution and control. Shop floor operations management. Work order execution. Quality and compliance tracking. Production efficiency and quality."
Integrated Solutions,"Healthcare patient outcome measurement and reporting. Clinical outcome tracking. Quality metrics and reporting. Improvement initiatives tracking. Quality measurement and improvement."
Cloud Solutions,"Retail vendor management and procurement. Vendor onboarding and management. Purchase order and receiving. Vendor performance tracking. Procurement efficiency and vendor management."
Secure Services,"Insurance actuarial analysis and modeling. Actuarial valuations. Liability and reserve modeling. Pricing optimization. Actuarial analysis and accuracy."
Quantum Framework,"Financial risk analytics and stress testing. Portfolio risk measurement. Scenario and stress testing. VaR and risk metrics. Risk analytics and management."
Nexus Framework,"Entertainment content production and management. Video and audio production. Digital asset management. Rights and licensing tracking. Production efficiency and quality."
Vertex Hub,"Telecommunications IT service management. IT service delivery and support. Change and configuration management. IT cost management. IT operations efficiency."
Apex Analytics,"Legal billing and collections management. Attorney time and expense tracking. Client billing and invoicing. Collections and accounts receivable. Billing efficiency and collections."
Summit Services,"Sports stadium and arena safety. Security and access control. Emergency preparedness and response. Incident reporting and management. Safety assurance."
Advanced Analytics,"Construction contract administration and management. Contract milestone tracking. Payment processing and approval. Change order processing. Contract management efficiency."
Strategic Solutions,"Pharmaceutical formulation development. Formulation testing and optimization. Manufacturing process development. Stability testing. Development efficiency and quality."
Digital Services,"Telecommunications IT asset management. Software and hardware asset tracking. License management and compliance. Asset lifecycle management. IT cost control and compliance."
Global Analytics,"Automotive manufacturing quality assurance. In-process quality control. Final product inspection. Non-conformance tracking. Quality assurance and improvement."
Smart Analytics,"Hospital equipment maintenance and biomedical engineering. Equipment servicing and maintenance. Compliance with regulatory standards. Repair and replacement planning. Equipment reliability and safety."
Unified Solutions,"Financial accounting and financial reporting. General ledger and chart of accounts. Journal entry and posting. Financial statement preparation. Accounting accuracy and timeliness."
Enterprise Analytics,"Manufacturing capacity planning and optimization. Capacity forecasting and planning. Line and equipment optimization. Throughput maximization. Capacity utilization optimization."
Integrated Hub,"Healthcare care coordination and case management. High-risk patient identification. Care plan development and tracking. Provider and care team coordination. Care quality and outcomes."
Cloud Hub,"Retail shrinkage and inventory accuracy. Physical inventory management. Shrinkage investigation and prevention. Inventory reconciliation. Inventory accuracy improvement."
Secure Analytics,"Insurance competitor analysis and market intelligence. Competitor strategy tracking. Market trend analysis. Competitive positioning. Market intelligence and strategy."
Quantum Services,"Financial consolidated financial reporting. Multi-entity consolidation. GAAP and local GAAP reporting. Consolidation adjustments and eliminations. Consolidated reporting accuracy."
Nexus Services,"Entertainment content distribution and licensing. Digital rights and licensing management. Distribution channel management. Royalty tracking and payment. Content monetization optimization."
Vertex Analytics,"Telecommunications billing and customer care. Billing system and operations. Customer service and support. Billing issue resolution. Customer experience improvement."
Apex Framework,"Legal vendor management and external counsel. Outside counsel management. Vendor cost tracking. Contract and statement of work management. Vendor efficiency and cost control."
Summit Analytics,"Sports athlete performance and development. Performance metrics and analytics. Training program effectiveness. Injury prevention and management. Athlete development success."
Advanced Hub,"Construction labor cost analysis and management. Labor hour tracking and analysis. Productivity metrics. Cost forecasting and management. Labor cost control."
Strategic Analytics,"Pharmaceutical supply chain security. Counterfeit detection and prevention. Supplier verification and auditing. Diversion prevention. Supply chain security."
Digital Hub,"Telecommunications customer order management. Order intake and processing. Service provisioning. Order tracking and delivery. Order fulfillment efficiency."
Global Hub,"Automotive logistics and distribution optimization. Logistics network optimization. Vehicle distribution and movement. Delivery scheduling. Logistics efficiency and costs."
Smart Analytics,"Hospital financial management and planning. Operational budgeting. Cost center management. Variance analysis. Financial management and control."
Unified Analytics,"Financial treasury operations and management. Cash and liquidity management. Foreign exchange management. Investment and borrowing. Treasury efficiency and returns."
Enterprise Analytics,"Manufacturing equipment and asset management. Equipment inventory and tracking. Maintenance and repairs. Depreciation and asset tracking. Asset management efficiency."
Integrated Analytics,"Healthcare clinical documentation and coding. Documentation quality assurance. Medical coding accuracy. Clinical performance metrics. Documentation quality and compliance."
Cloud Analytics,"Retail customer acquisition and retention. Customer lifetime value analysis. Retention program effectiveness. Churn prevention strategies. Acquisition and retention optimization."
Secure Analytics,"Insurance pricing and rate making. Rate development and approval. Underwriting criteria. Rate optimization. Pricing accuracy and competitiveness."
Quantum Analytics,"Financial treasury analytics and reporting. Cash position reporting. Liquidity analytics. Investment performance tracking. Treasury analytics and management."
Nexus Services,"Entertainment licensing and rights management. Content licensing agreements. Distribution rights tracking. Royalty agreements. Rights management optimization."
Vertex Services,"Telecommunications sales force management. Sales automation and tracking. Sales commission and incentive management. Pipeline management. Sales effectiveness improvement."
Apex Services,"Legal practice management and resource allocation. Attorney and staff utilization. Time allocation to practice areas. Resource forecasting. Practice efficiency optimization."
Summit Services,"Sports fan experience and engagement. Event experience measurement. Concessions and retail operations. Merchandise and souvenirs. Revenue optimization."
Advanced Services,"Construction project controls and reporting. Project status tracking. Schedule performance. Budget performance. Project control effectiveness."
Strategic Services,"Pharmaceutical market analysis and commercial planning. Market sizing and forecasting. Competitor analysis. Pricing strategy. Commercial success."
Digital Services,"Telecommunications network planning and design. Network demand forecasting. Network architecture planning. Technology selection. Network readiness."
Global Services,"Automotive after-sales service and support. Service scheduling and operations. Repair and maintenance operations. Warranty management. Service revenue optimization."
Smart Services,"Hospital governance and quality reporting. Quality metrics and tracking. Incident and adverse event reporting. Regulatory compliance reporting. Quality governance."
Unified Services,"Financial accounting controls and audit. Internal controls assessment. Control design and implementation. Audit trail and testing. Control environment effectiveness."
Enterprise Services,"Manufacturing production planning and control. Demand forecasting and planning. Master production scheduling. Supply planning coordination. Plan execution and achievement."
Integrated Services,"Healthcare information technology and systems. Electronic health record system. IT infrastructure and support. System security and compliance. IT reliability and performance."
Cloud Services,"Retail brand and product management. Product development and launch. Brand performance tracking. Product lifecycle management. Brand and product success."
Secure Services,"Insurance claims data quality and validation. Data accuracy and completeness. Claims adjudication accuracy. Audit and quality checks. Data quality assurance."
Quantum Services,"Financial derivatives trading and risk management. Trading strategy implementation. Risk management and hedging. Trade execution. Trading performance and risk."
Nexus Services,"Entertainment video and broadcast production. Studio and broadcast facilities. Production workflow and management. Broadcast scheduling and delivery. Production quality and efficiency."
Vertex Services,"Telecommunications fixed line and voice services. Service provisioning and management. Quality and service levels. Customer support and maintenance. Service delivery optimization."
Apex Services,"Legal transaction support and due diligence. M&A transaction documentation. Legal due diligence review. Closing coordination. Transaction efficiency and compliance."
Summit Services,"Sports team management and operations. Player contracts and negotiations. Team composition and strategy. Budget and financial management. Team performance and value."
Advanced Services,"Construction risk assessment and insurance. Construction risk identification. Insurance and bonding requirements. Claims management. Risk transfer and mitigation."
Strategic Services,"Pharmaceutical marketing and communications. Advertising and promotion. Medical education and support. Digital marketing. Marketing effectiveness and brand building."
Digital Services,"Telecommunications carrier and interconnection management. Carrier and service provider management. Interconnection agreements and billing. Regulatory compliance. Interconnection optimization."
Global Services,"Automotive finance and insurance operations. Vehicle financing and leasing. Insurance product integration. Customer relationship management. Finance and insurance optimization."
Smart Services,"Hospital information privacy and security. HIPAA compliance and security. Patient privacy protection. Breach notification and response. Privacy and security compliance."
Unified Services,"Financial forecasting and business planning. Financial forecasting. Budget planning and development. Scenario planning. Planning accuracy and effectiveness."
Enterprise Services,"Manufacturing industrial engineering and methods. Process design and improvement. Work standards development. Productivity improvement. Process efficiency."
Integrated Services,"Healthcare research and development. Clinical research support. Evidence generation. Publication and dissemination. Research productivity and quality."
Cloud Services,"Retail ecommerce and online operations. Online store operations. Digital marketing and optimization. Customer online experience. Online sales growth."
Secure Services,"Insurance regulatory capital and solvency. Solvency calculations. Capital requirement monitoring. Capital optimization. Regulatory compliance and efficiency."
Quantum Services,"Financial investment management and performance. Portfolio management and allocation. Performance measurement and attribution. Risk-adjusted performance. Investment management effectiveness."
Nexus Services,"Entertainment metadata and catalog management. Content organization and discovery. Rights and availability tracking. Audience analytics. Content discoverability."
Vertex Services,"Telecommunications directory and number management. Phone number management. Directory services. Number porting and management. Service continuity."
Apex Services,"Legal knowledge management and information systems. Practice area libraries. Document templates and precedents. Case and research tracking. Knowledge capture and reuse."
Summit Services,"Sports sponsorship and partnerships. Sponsorship opportunity development. Partner relationship management. Activation and ROI tracking. Partnership revenue and value."
Advanced Services,"Construction quality and safety management. Quality assurance and testing. Safety protocols and training. Incident and accident reporting. Quality and safety culture."
Strategic Services,"Pharmaceutical talent and organizational development. Recruitment and hiring. Employee development and training. Performance management. Organizational effectiveness."
Digital Services,"Telecommunications long-distance and international services. Service offerings and management. Pricing and rate management. Regulatory compliance. Service profitability."
Global Services,"Automotive technology and innovation. Advanced technology research. Electric and hybrid vehicle development. Autonomous vehicle development. Technology innovation leadership."
Smart Services,"Hospital patient experience and satisfaction. Patient satisfaction surveys. Experience improvement initiatives. Patient communication. Satisfaction and loyalty improvement."
Unified Services,"Financial internal audit and risk management. Risk assessment and monitoring. Control testing and evaluation. Management recommendations. Risk management effectiveness."
Enterprise Services,"Manufacturing continuous improvement and lean. Kaizen and improvement projects. Lean methodology implementation. Waste elimination. Efficiency and quality improvement."
Integrated Services,"Healthcare innovation and emerging technologies. Emerging technology evaluation. Technology pilot programs. New service development. Innovation and competitive advantage."
Cloud Services,"Retail supply chain visibility and collaboration. Supply chain network visualization. Supplier collaboration. Demand and supply visibility. Supply chain optimization."
Secure Services,"Insurance loss prevention and risk control. Risk control service delivery. Loss prevention consulting. Customer risk mitigation. Loss prevention effectiveness."
Quantum Services,"Financial transaction processing and settlement. Payment processing and clearing. Securities settlement. Regulatory compliance. Processing efficiency and accuracy."
Nexus Services,"Entertainment customer insights and analytics. Viewer behavior and preferences. Content performance analytics. Audience segmentation. Content and marketing optimization."
Vertex Services,"Telecommunications regulatory and government affairs. Regulatory tracking and compliance. Government relations. Industry association participation. Regulatory effectiveness."
Apex Services,"Legal corporate governance and compliance. Board governance and operations. Board meeting management. Regulatory compliance tracking. Governance effectiveness."
Summit Services,"Sports media and broadcasting. Sports broadcast rights. Media partnerships and sponsorships. Broadcast operations. Media revenue optimization."
Advanced Services,"Construction green building and sustainability. Sustainability certifications. Energy efficiency improvements. Sustainable materials use. Environmental responsibility."
Strategic Services,"Pharmaceutical quality assurance and testing. Quality control testing. Process validation. Stability testing. Quality excellence and compliance."
Digital Services,"Telecommunications data and broadband services. High-speed internet service. Data service offerings. Network reliability. Service quality and growth."
Global Services,"Automotive customer service and satisfaction. Customer service operations. Service quality and satisfaction. Customer feedback and improvement. Service excellence."
Smart Services,"Hospital clinical engineering and biomedical. Medical device management. Equipment quality and safety. Biomedical support. Equipment reliability and safety."
Unified Services,"Financial capital management and optimization. Capital planning and forecasting. Capital structure optimization. Capital raising and returns. Capital efficiency."
Enterprise Services,"Manufacturing sustainability and environmental management. Environmental compliance. Waste reduction and recycling. Energy efficiency. Sustainability and compliance."
Integrated Services,"Healthcare population health management. Risk stratification and targeting. Health promotion programs. Chronic disease management. Health outcomes and costs."
Cloud Services,"Retail revenue management and optimization. Pricing and promotion optimization. Markdown management. Product mix optimization. Revenue and margin optimization."
Secure Services,"Insurance asset and liability management. Financial asset management. Liability hedging and management. Investment portfolio management. Financial position optimization."
Quantum Services,"Financial market making and liquidity. Order book management. Bid-ask spread management. Liquidity provision. Market making profitability."
Nexus Services,"Entertainment global expansion and localization. International content strategy. Localization and dubbing. Regional partnerships. Global growth and expansion."
Vertex Services,"Telecommunications rural and underserved markets. Broadband expansion strategies. Rural service deployment. Community impact. Market expansion and accessibility."
Apex Services,"Legal alternative fee arrangements. Value-based pricing. Project-based pricing. Risk-sharing arrangements. Pricing efficiency and value."
Summit Services,"Sports event sponsorship and promotions. Sponsorship opportunities and packages. Event marketing and promotions. Sponsor relations. Sponsorship revenue."
Advanced Services,"Construction cost estimation and management. Project cost estimation. Cost forecasting and control. Change order pricing. Cost accuracy and control."
Strategic Services,"Pharmaceutical brand development and management. Brand strategy and positioning. Brand communication. Brand value and equity. Brand leadership and growth."
Digital Services,"Telecommunications smart city solutions. IoT connectivity and services. City infrastructure integration. Smart city applications. Next-generation city services."
Global Services,"Automotive sustainability and corporate responsibility. Emissions reduction. Sustainable sourcing. Community impact. ESG performance and reporting."
Smart Services,"Hospital physician engagement and satisfaction. Physician communication platforms. Medical staff services. Physician relationship management. Engagement and retention."
Unified Services,"Financial capital allocation and returns. Capital budgeting and approval. Capital project tracking. Return measurement. Capital efficiency and ROI."
Enterprise Services,"Manufacturing supply chain cost management. Supplier cost analysis. Cost reduction initiatives. Procurement optimization. Supply chain cost reduction."
Integrated Services,"Healthcare interoperability and data exchange. Health information exchange. System integration and interfaces. Data standardization. Interoperability and collaboration."
Cloud Services,"Retail assortment planning and management. Product assortment optimization. Assortment by location and channel. Inventory planning. Sales and profitability optimization."
Secure Services,"Insurance customer experience and journey mapping. Customer journey analysis. Touchpoint optimization. Experience improvement initiatives. Satisfaction and retention."
Quantum Services,"Financial trading systems and execution. Trading platform and systems. Order management systems. Execution quality. Trading efficiency and performance."
Nexus Services,"Entertainment creator and talent management. Talent recruitment and development. Contract and relationship management. Career development support. Talent success and growth."
Vertex Services,"Telecommunications wholesale and resale services. Wholesale offerings and pricing. Reseller support and enablement. Channel management. Wholesale revenue growth."
Apex Services,"Legal risk assessment and management. Legal risk identification. Risk mitigation planning. Insurance and indemnification. Legal risk reduction."
Summit Services,"Sports betting regulation and compliance. Regulatory compliance. Integrity and anti-fraud measures. Customer protection. Compliance and trust."
Advanced Services,"Construction// filepath: corporate_projects.csv
Project Name,Description
Advanced Platform,"This project aims to revolutionize our data processing capabilities by implementing cutting-edge machine learning algorithms. It will enable real-time analytics across all business units and provide actionable insights to stakeholders. The system will integrate seamlessly with existing infrastructure while maintaining backward compatibility. Expected ROI improvements of 35% within the first year of implementation. Project timeline spans 18 months with quarterly milestones."
Strategic Solutions,"A comprehensive initiative to modernize our legacy applications and migrate to cloud-native architectures. This transformation will reduce operational costs by 40% and improve system scalability dramatically. We will implement microservices patterns to enable independent deployment and faster feature releases. The project includes extensive team training and change management support. Completion target is Q4 2026 with phased rollout strategy."
Digital Infrastructure,"Enterprise-wide cybersecurity enhancement program designed to protect critical assets and comply with international regulations. Implementation of zero-trust architecture principles across all network segments and endpoints. Includes advanced threat detection, incident response automation, and continuous security monitoring. Multi-layered defense strategy with redundant systems for critical infrastructure protection. Estimated completion within 24 months with ongoing maintenance and updates."
Global Analytics,"Business intelligence consolidation effort to unify data from disparate systems into a single source of truth. Advanced visualization dashboards will empower decision-makers with real-time business metrics and KPIs. Implementation of ETL pipelines for automated data integration and quality assurance. Support for predictive analytics to forecast market trends and customer behavior. Expected to drive a 25% improvement in decision-making speed."
Smart Services,"Customer experience transformation initiative leveraging AI and personalization technologies across all touchpoints. Omnichannel integration enabling seamless interactions across web, mobile, and physical channels. Implementation of advanced chatbots and virtual assistants for 24/7 customer support. Data-driven approach to understand and anticipate customer needs proactively. Success metrics include 30% increase in customer satisfaction and retention rates."
Unified Framework,"Supply chain optimization program utilizing IoT sensors and blockchain technology for end-to-end visibility. Real-time tracking of inventory, shipments, and warehouse operations across global locations. Implementation of automated reordering systems to minimize stockouts and excess inventory. Predictive maintenance capabilities to reduce equipment downtime by 35%. Project duration of 20 months with full deployment across all distribution centers."
Enterprise Gateway,"Financial compliance and audit automation solution designed to streamline regulatory reporting processes. Automated controls framework ensuring adherence to SOX, GDPR, and other international standards. Real-time monitoring of financial transactions with anomaly detection capabilities. Centralized audit trail with comprehensive logging for regulatory investigations. Implementation expected to reduce compliance costs by 50% annually."
Integrated Suite,"Marketing automation and customer relationship management consolidation across all business units. Unified customer database enabling 360-degree view of all interactions and transactions. Personalized marketing campaigns driven by advanced segmentation and behavioral analytics. Integration with sales and customer service systems for seamless customer journey. Expected to increase marketing ROI by 45% and improve campaign effectiveness."
Cloud Hub,"Artificial intelligence and machine learning platform for enterprise-wide automation of repetitive tasks. Natural language processing capabilities for document analysis and classification at scale. Predictive models for demand forecasting, fraud detection, and risk assessment. Continuous learning systems that improve accuracy over time with minimal human intervention. Projected to save 10,000 hours annually across organization."
Secure Core,"Disaster recovery and business continuity modernization program protecting against all disruption scenarios. Geographically distributed data centers ensuring 99.999% uptime and zero data loss. Automated failover mechanisms with recovery time objective of less than 15 minutes. Comprehensive testing framework and disaster recovery drills conducted quarterly. Investment protects critical business operations and maintains customer trust."
Quantum Engine,"Product development lifecycle management system streamlining from ideation to market launch. Collaborative tools enabling cross-functional teams to work seamlessly across geographies. Resource allocation optimization ensuring efficient use of development and QA resources. Integrated tracking of requirements, development, testing, and deployment stages. Expected to reduce time-to-market by 30% and improve product quality metrics."
Nexus Portal,"Employee engagement and human resources transformation leveraging modern collaboration tools. Unified workplace platform consolidating communication, project management, and learning systems. AI-powered HR assistant providing instant answers to common employee questions. Performance management system with continuous feedback and development planning. Improved employee satisfaction scores by 40% and reduced attrition rates."
Vertex Network,"Customer loyalty and rewards program enhancement using gamific